{
  "4. Book Appointment" : {
    "transaction" : "4. Book Appointment",
    "sampleCount" : 109,
    "errorCount" : 0,
    "errorPct" : 0.0,
    "meanResTime" : 342.27522935779814,
    "medianResTime" : 307.0,
    "minResTime" : 289.0,
    "maxResTime" : 1674.0,
    "pct1ResTime" : 343.0,
    "pct2ResTime" : 382.5,
    "pct3ResTime" : 1652.1000000000013,
    "throughput" : 0.18352887296434486,
    "receivedKBytesPerSec" : 1.3378816800721318,
    "sentKBytesPerSec" : 0.1973129410375611
  },
  "3.1 Input Username - Password" : {
    "transaction" : "3.1 Input Username - Password",
    "sampleCount" : 109,
    "errorCount" : 0,
    "errorPct" : 0.0,
    "meanResTime" : 312.7798165137613,
    "medianResTime" : 303.0,
    "minResTime" : 282.0,
    "maxResTime" : 1035.0,
    "pct1ResTime" : 314.0,
    "pct2ResTime" : 329.0,
    "pct3ResTime" : 991.5000000000025,
    "throughput" : 0.18363028653063423,
    "receivedKBytesPerSec" : 0.15213299370855685,
    "sentKBytesPerSec" : 0.18506489814415483
  },
  "3. 2 Login Redirect" : {
    "transaction" : "3. 2 Login Redirect",
    "sampleCount" : 109,
    "errorCount" : 0,
    "errorPct" : 0.0,
    "meanResTime" : 344.8532110091743,
    "medianResTime" : 304.0,
    "minResTime" : 288.0,
    "maxResTime" : 1996.0,
    "pct1ResTime" : 348.0,
    "pct2ResTime" : 399.5,
    "pct3ResTime" : 1965.2000000000016,
    "throughput" : 0.18360956184694374,
    "receivedKBytesPerSec" : 1.6287551261178708,
    "sentKBytesPerSec" : 0.17034090210409822
  },
  "Total" : {
    "transaction" : "Total",
    "sampleCount" : 545,
    "errorCount" : 0,
    "errorPct" : 0.0,
    "meanResTime" : 338.456880733945,
    "medianResTime" : 302.0,
    "minResTime" : 281.0,
    "maxResTime" : 1996.0,
    "pct1ResTime" : 330.40000000000003,
    "pct2ResTime" : 400.49999999999966,
    "pct3ResTime" : 1560.8399999999929,
    "throughput" : 0.9092001040992412,
    "receivedKBytesPerSec" : 5.438729844326591,
    "sentKBytesPerSec" : 0.7053241016852733
  },
  "1. Rirect Home Page" : {
    "transaction" : "1. Rirect Home Page",
    "sampleCount" : 109,
    "errorCount" : 0,
    "errorPct" : 0.0,
    "meanResTime" : 368.0458715596331,
    "medianResTime" : 300.0,
    "minResTime" : 283.0,
    "maxResTime" : 1713.0,
    "pct1ResTime" : 334.0,
    "pct2ResTime" : 1262.5,
    "pct3ResTime" : 1706.8000000000004,
    "throughput" : 0.18317911556417488,
    "receivedKBytesPerSec" : 0.9125804454613592,
    "sentKBytesPerSec" : 0.028085079241772903
  },
  "2. Click on Make Appoinment" : {
    "transaction" : "2. Click on Make Appoinment",
    "sampleCount" : 109,
    "errorCount" : 0,
    "errorPct" : 0.0,
    "meanResTime" : 324.33027522935765,
    "medianResTime" : 299.0,
    "minResTime" : 281.0,
    "maxResTime" : 809.0,
    "pct1ResTime" : 331.0,
    "pct2ResTime" : 560.5,
    "pct3ResTime" : 805.3000000000002,
    "throughput" : 0.18354834309731935,
    "receivedKBytesPerSec" : 1.4571040865396758,
    "sentKBytesPerSec" : 0.13120838588597436
  }
}